SET IDENTITY_INSERT [dbo].[IBPML1] ON 

INSERT [dbo].[IBPML1] ([ID], [Level], [IBPML1], [Active], [UpdatedBy], [LastUpdate]) VALUES (0, N'', N'', 1, N'Oscar Negrete', CAST(N'2019-09-20T19:39:47.483' AS DateTime))
INSERT [dbo].[IBPML1] ([ID], [Level], [IBPML1], [Active], [UpdatedBy], [LastUpdate]) VALUES (1, N'2', N'Plan to Ship', 1, N'Oscar Negrete', CAST(N'2019-09-20T19:39:47.490' AS DateTime))
INSERT [dbo].[IBPML1] ([ID], [Level], [IBPML1], [Active], [UpdatedBy], [LastUpdate]) VALUES (2, N'S.1', N'Finance', 1, N'Alicia Barrios', CAST(N'2020-04-28T19:11:14.553' AS DateTime))
INSERT [dbo].[IBPML1] ([ID], [Level], [IBPML1], [Active], [UpdatedBy], [LastUpdate]) VALUES (3, N'S.2', N'Business Unit', 1, N'Alicia Barrios', CAST(N'2020-04-28T19:11:14.553' AS DateTime))
INSERT [dbo].[IBPML1] ([ID], [Level], [IBPML1], [Active], [UpdatedBy], [LastUpdate]) VALUES (4, N'S.3', N'Legal', 1, N'Alicia Barrios', CAST(N'2020-04-28T19:11:14.553' AS DateTime))
INSERT [dbo].[IBPML1] ([ID], [Level], [IBPML1], [Active], [UpdatedBy], [LastUpdate]) VALUES (5, N'S.4', N'Human Resources', 1, N'Alicia Barrios', CAST(N'2020-04-28T19:11:14.553' AS DateTime))
INSERT [dbo].[IBPML1] ([ID], [Level], [IBPML1], [Active], [UpdatedBy], [LastUpdate]) VALUES (6, N'S.5.0', N'Standard IT App', 1, N'Alicia Barrios', CAST(N'2020-04-28T19:11:14.553' AS DateTime))
INSERT [dbo].[IBPML1] ([ID], [Level], [IBPML1], [Active], [UpdatedBy], [LastUpdate]) VALUES (7, N'S.5.1', N'Customized IT App', 1, N'Alicia Barrios', CAST(N'2020-04-28T19:11:14.553' AS DateTime))
INSERT [dbo].[IBPML1] ([ID], [Level], [IBPML1], [Active], [UpdatedBy], [LastUpdate]) VALUES (8, N'S.5.2', N'IT Infrastructure', 1, N'Alicia Barrios', CAST(N'2020-04-28T19:11:14.553' AS DateTime))
INSERT [dbo].[IBPML1] ([ID], [Level], [IBPML1], [Active], [UpdatedBy], [LastUpdate]) VALUES (9, N'S.5.3', N'IOT', 1, N'Alicia Barrios', CAST(N'2020-04-28T19:11:14.553' AS DateTime))
INSERT [dbo].[IBPML1] ([ID], [Level], [IBPML1], [Active], [UpdatedBy], [LastUpdate]) VALUES (10, N'S.6', N'Supply Chain', 1, N'Alicia Barrios', CAST(N'2020-04-28T19:11:14.553' AS DateTime))
INSERT [dbo].[IBPML1] ([ID], [Level], [IBPML1], [Active], [UpdatedBy], [LastUpdate]) VALUES (11, N'S.7', N'Indirect Procurement', 1, N'Alicia Barrios', CAST(N'2020-04-28T19:11:14.553' AS DateTime))
INSERT [dbo].[IBPML1] ([ID], [Level], [IBPML1], [Active], [UpdatedBy], [LastUpdate]) VALUES (12, N'S.8', N'Product Design', 1, N'Alicia Barrios', CAST(N'2020-04-28T19:11:14.553' AS DateTime))
INSERT [dbo].[IBPML1] ([ID], [Level], [IBPML1], [Active], [UpdatedBy], [LastUpdate]) VALUES (13, N'S.9', N'Backend Automation', 1, N'Alicia Barrios', CAST(N'2020-04-28T19:11:14.553' AS DateTime))
INSERT [dbo].[IBPML1] ([ID], [Level], [IBPML1], [Active], [UpdatedBy], [LastUpdate]) VALUES (14, N'S.10', N'Continous Improvement LEAN', 1, N'Alicia Barrios', CAST(N'2020-04-28T19:11:14.553' AS DateTime))
INSERT [dbo].[IBPML1] ([ID], [Level], [IBPML1], [Active], [UpdatedBy], [LastUpdate]) VALUES (15, N'S.11', N'Plant Operating System', 1, N'Alicia Barrios', CAST(N'2020-04-28T19:11:14.553' AS DateTime))
INSERT [dbo].[IBPML1] ([ID], [Level], [IBPML1], [Active], [UpdatedBy], [LastUpdate]) VALUES (16, N'S.12', N'E&HS', 1, N'Alicia Barrios', CAST(N'2020-04-28T19:14:33.697' AS DateTime))
INSERT [dbo].[IBPML1] ([ID], [Level], [IBPML1], [Active], [UpdatedBy], [LastUpdate]) VALUES (17, N'S.13', N'Management Review', 1, N'Alicia Barrios', CAST(N'2020-04-28T19:14:33.697' AS DateTime))
INSERT [dbo].[IBPML1] ([ID], [Level], [IBPML1], [Active], [UpdatedBy], [LastUpdate]) VALUES (18, N'S.14', N'Governance', 1, N'Alicia Barrios', CAST(N'2020-04-28T19:14:33.697' AS DateTime))

SET IDENTITY_INSERT [dbo].[IBPML1] OFF
GO

SET IDENTITY_INSERT [dbo].[IBPML2] ON 

INSERT [dbo].[IBPML2] ([ID], [IBPML1_ID], [Level], [IBPML2], [Active], [UpdatedBy], [LastUpdate]) VALUES (0, 0, N'', N'', 0, N'Oscar Negrete', CAST(N'2019-10-01T18:39:53.460' AS DateTime))
INSERT [dbo].[IBPML2] ([ID], [IBPML1_ID], [Level], [IBPML2], [Active], [UpdatedBy], [LastUpdate]) VALUES (1, 1, N'2.0', N'Product Data Management', 1, N'Oscar Negrete', CAST(N'2019-10-02T12:38:55.787' AS DateTime))
INSERT [dbo].[IBPML2] ([ID], [IBPML1_ID], [Level], [IBPML2], [Active], [UpdatedBy], [LastUpdate]) VALUES (2, 1, N'2.1', N'Industrial Engineering', 1, N'Oscar Negrete', CAST(N'2019-10-01T18:39:53.473' AS DateTime))
INSERT [dbo].[IBPML2] ([ID], [IBPML1_ID], [Level], [IBPML2], [Active], [UpdatedBy], [LastUpdate]) VALUES (3, 1, N'2.2', N'Quality Planning NPI, PMO, and AQP', 1, N'Oscar Negrete', CAST(N'2019-10-01T18:39:53.480' AS DateTime))
INSERT [dbo].[IBPML2] ([ID], [IBPML1_ID], [Level], [IBPML2], [Active], [UpdatedBy], [LastUpdate]) VALUES (4, 1, N'2.3', N'S&OP Sales and Operations Planning', 1, N'Oscar Negrete', CAST(N'2019-10-01T18:39:53.517' AS DateTime))
INSERT [dbo].[IBPML2] ([ID], [IBPML1_ID], [Level], [IBPML2], [Active], [UpdatedBy], [LastUpdate]) VALUES (5, 1, N'2.4', N'Direct Material Purchasing', 1, N'Oscar Negrete', CAST(N'2019-10-01T18:39:53.520' AS DateTime))
INSERT [dbo].[IBPML2] ([ID], [IBPML1_ID], [Level], [IBPML2], [Active], [UpdatedBy], [LastUpdate]) VALUES (6, 1, N'2.5', N'Inbound Logistics', 1, N'Oscar Negrete', CAST(N'2019-10-01T18:39:53.527' AS DateTime))
INSERT [dbo].[IBPML2] ([ID], [IBPML1_ID], [Level], [IBPML2], [Active], [UpdatedBy], [LastUpdate]) VALUES (7, 1, N'2.6', N'Incoming WHS Management', 1, N'Oscar Negrete', CAST(N'2019-10-01T18:39:53.533' AS DateTime))
INSERT [dbo].[IBPML2] ([ID], [IBPML1_ID], [Level], [IBPML2], [Active], [UpdatedBy], [LastUpdate]) VALUES (8, 1, N'2.7', N'Production Planning and Operations', 1, N'Oscar Negrete', CAST(N'2019-10-01T18:39:53.540' AS DateTime))
INSERT [dbo].[IBPML2] ([ID], [IBPML1_ID], [Level], [IBPML2], [Active], [UpdatedBy], [LastUpdate]) VALUES (9, 1, N'2.8', N'Manufacturing Engineering', 1, N'Oscar Negrete', CAST(N'2019-10-01T18:39:53.547' AS DateTime))
INSERT [dbo].[IBPML2] ([ID], [IBPML1_ID], [Level], [IBPML2], [Active], [UpdatedBy], [LastUpdate]) VALUES (10, 1, N'2.9', N'Manufacturing Execution & Shop Floor System', 1, N'Oscar Negrete', CAST(N'2019-10-02T19:26:47.753' AS DateTime))
INSERT [dbo].[IBPML2] ([ID], [IBPML1_ID], [Level], [IBPML2], [Active], [UpdatedBy], [LastUpdate]) VALUES (11, 1, N'2.10', N'Shop Floor Materials Supply (RTS)', 1, N'Oscar Negrete', CAST(N'2019-10-01T18:39:53.567' AS DateTime))
INSERT [dbo].[IBPML2] ([ID], [IBPML1_ID], [Level], [IBPML2], [Active], [UpdatedBy], [LastUpdate]) VALUES (12, 1, N'2.11', N'Storing/Shipping and Hub Management', 1, N'Oscar Negrete', CAST(N'2019-10-01T18:39:53.573' AS DateTime))
INSERT [dbo].[IBPML2] ([ID], [IBPML1_ID], [Level], [IBPML2], [Active], [UpdatedBy], [LastUpdate]) VALUES (13, 1, N'2.12', N'Shipping Instructions', 1, N'Oscar Negrete', CAST(N'2019-10-01T18:39:53.593' AS DateTime))
INSERT [dbo].[IBPML2] ([ID], [IBPML1_ID], [Level], [IBPML2], [Active], [UpdatedBy], [LastUpdate]) VALUES (14, 1, N'2.13', N'Outbound Logistics', 1, N'Oscar Negrete', CAST(N'2019-10-01T18:39:53.600' AS DateTime))
INSERT [dbo].[IBPML2] ([ID], [IBPML1_ID], [Level], [IBPML2], [Active], [UpdatedBy], [LastUpdate]) VALUES (15, 1, N'2.14', N'Quality Management', 1, N'Oscar Negrete', CAST(N'2019-10-02T12:39:57.393' AS DateTime))
INSERT [dbo].[IBPML2] ([ID], [IBPML1_ID], [Level], [IBPML2], [Active], [UpdatedBy], [LastUpdate]) VALUES (16, 1, N'2.15', N'Equipment Management', 1, N'Oscar Negrete', CAST(N'2019-10-01T18:39:53.613' AS DateTime))
INSERT [dbo].[IBPML2] ([ID], [IBPML1_ID], [Level], [IBPML2], [Active], [UpdatedBy], [LastUpdate]) VALUES (17, 1, N'2.16', N'Test Engineering', 1, N'Oscar Negrete', CAST(N'2019-10-01T18:39:53.620' AS DateTime))
INSERT [dbo].[IBPML2] ([ID], [IBPML1_ID], [Level], [IBPML2], [Active], [UpdatedBy], [LastUpdate]) VALUES (18, 2, N'S.1', N'Finance', 1, N'Alicia Barrios', CAST(N'2020-04-06T15:09:16.780' AS DateTime))
INSERT [dbo].[IBPML2] ([ID], [IBPML1_ID], [Level], [IBPML2], [Active], [UpdatedBy], [LastUpdate]) VALUES (19, 3, N'S.2', N'Business Unit', 1, N'Alicia Barrios', CAST(N'2020-04-06T15:09:17.120' AS DateTime))
INSERT [dbo].[IBPML2] ([ID], [IBPML1_ID], [Level], [IBPML2], [Active], [UpdatedBy], [LastUpdate]) VALUES (20, 4, N'S.3', N'Legal', 1, N'Alicia Barrios', CAST(N'2020-04-06T15:09:17.127' AS DateTime))
INSERT [dbo].[IBPML2] ([ID], [IBPML1_ID], [Level], [IBPML2], [Active], [UpdatedBy], [LastUpdate]) VALUES (21, 5, N'S.4', N'Human Resources', 1, N'Alicia Barrios', CAST(N'2020-04-06T15:09:17.133' AS DateTime))
INSERT [dbo].[IBPML2] ([ID], [IBPML1_ID], [Level], [IBPML2], [Active], [UpdatedBy], [LastUpdate]) VALUES (22, 6, N'S.5.0', N'Standard IT App', 1, N'Alicia Barrios', CAST(N'2020-04-06T15:09:17.140' AS DateTime))
INSERT [dbo].[IBPML2] ([ID], [IBPML1_ID], [Level], [IBPML2], [Active], [UpdatedBy], [LastUpdate]) VALUES (23, 10, N'S.6', N'Supply Chain', 1, N'Alicia Barrios', CAST(N'2020-04-06T15:09:17.147' AS DateTime))
INSERT [dbo].[IBPML2] ([ID], [IBPML1_ID], [Level], [IBPML2], [Active], [UpdatedBy], [LastUpdate]) VALUES (24, 11, N'S.7', N'Indirect Procurement', 1, N'Alicia Barrios', CAST(N'2020-04-06T15:09:17.157' AS DateTime))
INSERT [dbo].[IBPML2] ([ID], [IBPML1_ID], [Level], [IBPML2], [Active], [UpdatedBy], [LastUpdate]) VALUES (25, 12, N'S.8', N'Product Design', 1, N'Alicia Barrios', CAST(N'2020-04-06T15:09:17.167' AS DateTime))
INSERT [dbo].[IBPML2] ([ID], [IBPML1_ID], [Level], [IBPML2], [Active], [UpdatedBy], [LastUpdate]) VALUES (26, 13, N'S.9', N'Backend Automation', 1, N'Alicia Barrios', CAST(N'2020-04-06T15:09:17.173' AS DateTime))
INSERT [dbo].[IBPML2] ([ID], [IBPML1_ID], [Level], [IBPML2], [Active], [UpdatedBy], [LastUpdate]) VALUES (27, 14, N'S.10', N'Continous Improvement LEAN', 1, N'Alicia Barrios', CAST(N'2020-04-06T15:09:17.183' AS DateTime))
INSERT [dbo].[IBPML2] ([ID], [IBPML1_ID], [Level], [IBPML2], [Active], [UpdatedBy], [LastUpdate]) VALUES (28, 15, N'S.11', N'Plant Operating System', 1, N'Alicia Barrios', CAST(N'2020-04-06T15:09:17.190' AS DateTime))
INSERT [dbo].[IBPML2] ([ID], [IBPML1_ID], [Level], [IBPML2], [Active], [UpdatedBy], [LastUpdate]) VALUES (29, 16, N'S.12', N'E&HS', 1, N'Alicia Barrios', CAST(N'2020-04-06T15:09:17.197' AS DateTime))
INSERT [dbo].[IBPML2] ([ID], [IBPML1_ID], [Level], [IBPML2], [Active], [UpdatedBy], [LastUpdate]) VALUES (30, 17, N'S.13', N'Management Review', 1, N'Alicia Barrios', CAST(N'2020-04-06T15:09:17.203' AS DateTime))
INSERT [dbo].[IBPML2] ([ID], [IBPML1_ID], [Level], [IBPML2], [Active], [UpdatedBy], [LastUpdate]) VALUES (31, 18, N'S.14', N'Governance', 1, N'Alicia Barrios', CAST(N'2020-04-06T15:09:17.213' AS DateTime))
INSERT [dbo].[IBPML2] ([ID], [IBPML1_ID], [Level], [IBPML2], [Active], [UpdatedBy], [LastUpdate]) VALUES (32, 7, N'S.5.1', N'Customized IT App', 1, N'Alicia Barrios', CAST(N'2020-04-28T19:27:35.150' AS DateTime))
INSERT [dbo].[IBPML2] ([ID], [IBPML1_ID], [Level], [IBPML2], [Active], [UpdatedBy], [LastUpdate]) VALUES (33, 8, N'S.5.2', N'IT Infrastructure', 1, N'Alicia Barrios', CAST(N'2020-04-28T19:27:35.170' AS DateTime))
INSERT [dbo].[IBPML2] ([ID], [IBPML1_ID], [Level], [IBPML2], [Active], [UpdatedBy], [LastUpdate]) VALUES (34, 9, N'S.5.3', N'IOT', 1, N'Alicia Barrios', CAST(N'2020-04-28T19:27:35.180' AS DateTime))

SET IDENTITY_INSERT [dbo].[IBPML2] OFF
GO

SET IDENTITY_INSERT [dbo].[IBPML3] ON 

INSERT [dbo].[IBPML3] ([ID], [IBPML2_ID], [Level], [IBPML3], [Active], [UpdatedBy], [LastUpdate]) VALUES (0, 0, N'', N'', 0, N'Oscar Negrete', CAST(N'2019-10-01T19:46:50.167' AS DateTime))
INSERT [dbo].[IBPML3] ([ID], [IBPML2_ID], [Level], [IBPML3], [Active], [UpdatedBy], [LastUpdate]) VALUES (1, 1, N'2.0.1', N'Customer Data - Requirements / Formats', 1, N'Oscar Negrete', CAST(N'2019-10-01T19:46:50.173' AS DateTime))
INSERT [dbo].[IBPML3] ([ID], [IBPML2_ID], [Level], [IBPML3], [Active], [UpdatedBy], [LastUpdate]) VALUES (2, 1, N'2.0.2', N'Customer Data - Validation & Scrubbing (BOM/AML/Documents)', 1, N'Oscar Negrete', CAST(N'2019-10-01T19:46:50.180' AS DateTime))
INSERT [dbo].[IBPML3] ([ID], [IBPML2_ID], [Level], [IBPML3], [Active], [UpdatedBy], [LastUpdate]) VALUES (3, 1, N'2.0.3', N'Customer Data - Conversion to Jabil Data (BOM/AML)', 1, N'Oscar Negrete', CAST(N'2019-10-01T19:46:50.187' AS DateTime))
INSERT [dbo].[IBPML3] ([ID], [IBPML2_ID], [Level], [IBPML3], [Active], [UpdatedBy], [LastUpdate]) VALUES (4, 1, N'2.0.4', N'Engineering BPM - Enrich Data / Restructure BOM', 1, N'Oscar Negrete', CAST(N'2019-10-01T19:46:50.193' AS DateTime))
INSERT [dbo].[IBPML3] ([ID], [IBPML2_ID], [Level], [IBPML3], [Active], [UpdatedBy], [LastUpdate]) VALUES (5, 1, N'2.0.5', N'Engineering and Production BOM - Change Management', 1, N'Oscar Negrete', CAST(N'2019-10-01T19:46:50.200' AS DateTime))
INSERT [dbo].[IBPML3] ([ID], [IBPML2_ID], [Level], [IBPML3], [Active], [UpdatedBy], [LastUpdate]) VALUES (6, 1, N'2.0.6', N'AMPL Change Management', 1, N'Oscar Negrete', CAST(N'2019-10-01T19:46:50.210' AS DateTime))
INSERT [dbo].[IBPML3] ([ID], [IBPML2_ID], [Level], [IBPML3], [Active], [UpdatedBy], [LastUpdate]) VALUES (7, 1, N'2.0.7', N'Set Up Sheet - Management', 1, N'Oscar Negrete', CAST(N'2019-10-01T19:46:50.217' AS DateTime))
INSERT [dbo].[IBPML3] ([ID], [IBPML2_ID], [Level], [IBPML3], [Active], [UpdatedBy], [LastUpdate]) VALUES (8, 1, N'2.0.8', N'Process Change Notification Management', 1, N'Oscar Negrete', CAST(N'2019-10-01T19:46:50.223' AS DateTime))
INSERT [dbo].[IBPML3] ([ID], [IBPML2_ID], [Level], [IBPML3], [Active], [UpdatedBy], [LastUpdate]) VALUES (9, 1, N'2.0.9', N'Deviation Management', 1, N'Oscar Negrete', CAST(N'2019-10-01T19:46:50.230' AS DateTime))
INSERT [dbo].[IBPML3] ([ID], [IBPML2_ID], [Level], [IBPML3], [Active], [UpdatedBy], [LastUpdate]) VALUES (10, 2, N'2.1.1', N'BOM & Drawing Review', 1, N'Oscar Negrete', CAST(N'2019-10-01T19:46:50.237' AS DateTime))
INSERT [dbo].[IBPML3] ([ID], [IBPML2_ID], [Level], [IBPML3], [Active], [UpdatedBy], [LastUpdate]) VALUES (11, 2, N'2.1.2', N'VA Quoting (NPI Only)', 1, N'Oscar Negrete', CAST(N'2019-10-01T19:46:50.243' AS DateTime))
INSERT [dbo].[IBPML3] ([ID], [IBPML2_ID], [Level], [IBPML3], [Active], [UpdatedBy], [LastUpdate]) VALUES (12, 2, N'2.1.3', N'Work Standard Design', 1, N'Oscar Negrete', CAST(N'2019-10-01T19:46:50.250' AS DateTime))
INSERT [dbo].[IBPML3] ([ID], [IBPML2_ID], [Level], [IBPML3], [Active], [UpdatedBy], [LastUpdate]) VALUES (13, 2, N'2.1.4', N'Capacity & DL Sizing', 1, N'Oscar Negrete', CAST(N'2019-10-01T19:46:50.257' AS DateTime))
INSERT [dbo].[IBPML3] ([ID], [IBPML2_ID], [Level], [IBPML3], [Active], [UpdatedBy], [LastUpdate]) VALUES (14, 2, N'2.1.5', N'Line & Layout Designs', 1, N'Oscar Negrete', CAST(N'2019-10-01T19:46:50.263' AS DateTime))
INSERT [dbo].[IBPML3] ([ID], [IBPML2_ID], [Level], [IBPML3], [Active], [UpdatedBy], [LastUpdate]) VALUES (15, 2, N'2.1.6', N'Implement / Improve Processes', 1, N'Oscar Negrete', CAST(N'2019-10-01T19:46:50.270' AS DateTime))
INSERT [dbo].[IBPML3] ([ID], [IBPML2_ID], [Level], [IBPML3], [Active], [UpdatedBy], [LastUpdate]) VALUES (16, 2, N'2.1.7', N'Update IEDB', 1, N'Oscar Negrete', CAST(N'2019-10-01T19:46:50.277' AS DateTime))
INSERT [dbo].[IBPML3] ([ID], [IBPML2_ID], [Level], [IBPML3], [Active], [UpdatedBy], [LastUpdate]) VALUES (17, 3, N'2.2.1', N'AQP', 1, N'Oscar Negrete', CAST(N'2019-10-01T19:46:50.283' AS DateTime))
INSERT [dbo].[IBPML3] ([ID], [IBPML2_ID], [Level], [IBPML3], [Active], [UpdatedBy], [LastUpdate]) VALUES (23, 4, N'2.3.1', N'Demand Planning', 1, N'Oscar Negrete', CAST(N'2019-10-01T19:46:50.333' AS DateTime))
INSERT [dbo].[IBPML3] ([ID], [IBPML2_ID], [Level], [IBPML3], [Active], [UpdatedBy], [LastUpdate]) VALUES (24, 4, N'2.3.2', N'Inventory Strategy', 1, N'Oscar Negrete', CAST(N'2019-10-01T19:46:50.340' AS DateTime))
INSERT [dbo].[IBPML3] ([ID], [IBPML2_ID], [Level], [IBPML3], [Active], [UpdatedBy], [LastUpdate]) VALUES (25, 4, N'2.3.3', N'MS Change Process', 1, N'Oscar Negrete', CAST(N'2019-10-01T19:46:50.350' AS DateTime))
INSERT [dbo].[IBPML3] ([ID], [IBPML2_ID], [Level], [IBPML3], [Active], [UpdatedBy], [LastUpdate]) VALUES (38, 5, N'2.4.1', N'Master Data Management', 1, N'Oscar Negrete', CAST(N'2019-10-01T19:46:50.493' AS DateTime))
INSERT [dbo].[IBPML3] ([ID], [IBPML2_ID], [Level], [IBPML3], [Active], [UpdatedBy], [LastUpdate]) VALUES (39, 5, N'2.4.2', N'Procurement Strategy', 1, N'Oscar Negrete', CAST(N'2019-10-01T19:46:50.503' AS DateTime))
INSERT [dbo].[IBPML3] ([ID], [IBPML2_ID], [Level], [IBPML3], [Active], [UpdatedBy], [LastUpdate]) VALUES (40, 5, N'2.4.3', N'Material Sizing', 1, N'Oscar Negrete', CAST(N'2019-10-01T19:46:50.510' AS DateTime))
INSERT [dbo].[IBPML3] ([ID], [IBPML2_ID], [Level], [IBPML3], [Active], [UpdatedBy], [LastUpdate]) VALUES (41, 5, N'2.4.4', N'Order Engagement', 1, N'Oscar Negrete', CAST(N'2019-10-01T19:46:50.517' AS DateTime))
INSERT [dbo].[IBPML3] ([ID], [IBPML2_ID], [Level], [IBPML3], [Active], [UpdatedBy], [LastUpdate]) VALUES (42, 5, N'2.4.5', N'Order Engagement', 1, N'Oscar Negrete', CAST(N'2019-10-01T19:46:50.523' AS DateTime))
INSERT [dbo].[IBPML3] ([ID], [IBPML2_ID], [Level], [IBPML3], [Active], [UpdatedBy], [LastUpdate]) VALUES (43, 5, N'2.4.6', N'CTS/Shortage Management', 1, N'Oscar Negrete', CAST(N'2019-10-01T19:46:50.530' AS DateTime))
INSERT [dbo].[IBPML3] ([ID], [IBPML2_ID], [Level], [IBPML3], [Active], [UpdatedBy], [LastUpdate]) VALUES (44, 5, N'2.4.7', N'RTV Management', 1, N'Oscar Negrete', CAST(N'2019-10-01T19:46:50.537' AS DateTime))
INSERT [dbo].[IBPML3] ([ID], [IBPML2_ID], [Level], [IBPML3], [Active], [UpdatedBy], [LastUpdate]) VALUES (47, 6, N'2.5.1', N'TMS Inbound Workflow', 1, N'Oscar Negrete', CAST(N'2019-10-01T19:46:50.560' AS DateTime))
INSERT [dbo].[IBPML3] ([ID], [IBPML2_ID], [Level], [IBPML3], [Active], [UpdatedBy], [LastUpdate]) VALUES (59, 7, N'2.6.1', N'Receiving and Inspection', 1, N'Oscar Negrete', CAST(N'2019-10-01T19:46:50.640' AS DateTime))
INSERT [dbo].[IBPML3] ([ID], [IBPML2_ID], [Level], [IBPML3], [Active], [UpdatedBy], [LastUpdate]) VALUES (60, 7, N'2.6.2', N'Initial Warehouse Storage', 1, N'Oscar Negrete', CAST(N'2019-10-01T19:46:50.647' AS DateTime))
INSERT [dbo].[IBPML3] ([ID], [IBPML2_ID], [Level], [IBPML3], [Active], [UpdatedBy], [LastUpdate]) VALUES (61, 7, N'2.6.3', N'Pull Materials', 1, N'Oscar Negrete', CAST(N'2019-10-01T19:46:50.653' AS DateTime))
INSERT [dbo].[IBPML3] ([ID], [IBPML2_ID], [Level], [IBPML3], [Active], [UpdatedBy], [LastUpdate]) VALUES (62, 7, N'2.6.4', N'Return to Stock', 1, N'Oscar Negrete', CAST(N'2019-10-01T19:46:50.660' AS DateTime))
INSERT [dbo].[IBPML3] ([ID], [IBPML2_ID], [Level], [IBPML3], [Active], [UpdatedBy], [LastUpdate]) VALUES (63, 7, N'2.6.5', N'Bin to Bin', 1, N'Oscar Negrete', CAST(N'2019-10-01T19:46:50.667' AS DateTime))
INSERT [dbo].[IBPML3] ([ID], [IBPML2_ID], [Level], [IBPML3], [Active], [UpdatedBy], [LastUpdate]) VALUES (64, 7, N'2.6.6', N'Cycle Count', 1, N'Oscar Negrete', CAST(N'2019-10-01T19:46:50.673' AS DateTime))
INSERT [dbo].[IBPML3] ([ID], [IBPML2_ID], [Level], [IBPML3], [Active], [UpdatedBy], [LastUpdate]) VALUES (65, 7, N'2.6.7', N'Material Review Board', 1, N'Oscar Negrete', CAST(N'2019-10-01T19:46:50.680' AS DateTime))
INSERT [dbo].[IBPML3] ([ID], [IBPML2_ID], [Level], [IBPML3], [Active], [UpdatedBy], [LastUpdate]) VALUES (71, 8, N'2.7.1', N'Define Initial Available Capacity', 1, N'Oscar Negrete', CAST(N'2019-10-01T19:46:50.730' AS DateTime))
INSERT [dbo].[IBPML3] ([ID], [IBPML2_ID], [Level], [IBPML3], [Active], [UpdatedBy], [LastUpdate]) VALUES (72, 8, N'2.7.2', N'Calculate Production Requirement', 1, N'Oscar Negrete', CAST(N'2019-10-01T19:46:50.737' AS DateTime))
INSERT [dbo].[IBPML3] ([ID], [IBPML2_ID], [Level], [IBPML3], [Active], [UpdatedBy], [LastUpdate]) VALUES (73, 8, N'2.7.3', N'Create Build Plan', 1, N'Oscar Negrete', CAST(N'2019-10-01T19:46:50.743' AS DateTime))
INSERT [dbo].[IBPML3] ([ID], [IBPML2_ID], [Level], [IBPML3], [Active], [UpdatedBy], [LastUpdate]) VALUES (74, 8, N'2.7.4', N'Release Build Plan', 1, N'Oscar Negrete', CAST(N'2019-10-01T19:46:50.750' AS DateTime))
INSERT [dbo].[IBPML3] ([ID], [IBPML2_ID], [Level], [IBPML3], [Active], [UpdatedBy], [LastUpdate]) VALUES (75, 8, N'2.7.5', N'Build Plan Execution ', 1, N'Oscar Negrete', CAST(N'2019-10-01T19:46:50.757' AS DateTime))
INSERT [dbo].[IBPML3] ([ID], [IBPML2_ID], [Level], [IBPML3], [Active], [UpdatedBy], [LastUpdate]) VALUES (76, 8, N'2.7.6', N'Build Plan Control', 1, N'Oscar Negrete', CAST(N'2019-10-01T19:46:50.763' AS DateTime))
INSERT [dbo].[IBPML3] ([ID], [IBPML2_ID], [Level], [IBPML3], [Active], [UpdatedBy], [LastUpdate]) VALUES (77, 9, N'2.8.1', N'Labeling / Laser Edging', 1, N'Oscar Negrete', CAST(N'2019-10-01T19:46:50.770' AS DateTime))
INSERT [dbo].[IBPML3] ([ID], [IBPML2_ID], [Level], [IBPML3], [Active], [UpdatedBy], [LastUpdate]) VALUES (78, 9, N'2.8.2', N'Screen Printing', 1, N'Oscar Negrete', CAST(N'2019-10-01T19:46:50.777' AS DateTime))
INSERT [dbo].[IBPML3] ([ID], [IBPML2_ID], [Level], [IBPML3], [Active], [UpdatedBy], [LastUpdate]) VALUES (79, 9, N'2.8.3', N'Solder Paste Inspection', 1, N'Oscar Negrete', CAST(N'2019-10-01T19:46:50.783' AS DateTime))
INSERT [dbo].[IBPML3] ([ID], [IBPML2_ID], [Level], [IBPML3], [Active], [UpdatedBy], [LastUpdate]) VALUES (80, 9, N'2.8.4', N'Placement', 1, N'Oscar Negrete', CAST(N'2019-10-01T19:46:50.790' AS DateTime))
INSERT [dbo].[IBPML3] ([ID], [IBPML2_ID], [Level], [IBPML3], [Active], [UpdatedBy], [LastUpdate]) VALUES (81, 9, N'2.8.5', N'Reflow', 1, N'Oscar Negrete', CAST(N'2019-10-01T19:46:50.800' AS DateTime))
INSERT [dbo].[IBPML3] ([ID], [IBPML2_ID], [Level], [IBPML3], [Active], [UpdatedBy], [LastUpdate]) VALUES (82, 9, N'2.8.6', N'Automated Optical Inspections', 1, N'Oscar Negrete', CAST(N'2019-10-01T19:46:50.803' AS DateTime))
INSERT [dbo].[IBPML3] ([ID], [IBPML2_ID], [Level], [IBPML3], [Active], [UpdatedBy], [LastUpdate]) VALUES (83, 9, N'2.8.7', N'Depanel', 1, N'Oscar Negrete', CAST(N'2019-10-01T19:46:50.810' AS DateTime))
INSERT [dbo].[IBPML3] ([ID], [IBPML2_ID], [Level], [IBPML3], [Active], [UpdatedBy], [LastUpdate]) VALUES (84, 9, N'2.8.8', N'Manual Insertion / Placeline', 1, N'Oscar Negrete', CAST(N'2019-10-01T19:46:50.820' AS DateTime))
INSERT [dbo].[IBPML3] ([ID], [IBPML2_ID], [Level], [IBPML3], [Active], [UpdatedBy], [LastUpdate]) VALUES (85, 9, N'2.8.9', N'Wave / Selective Soldering', 1, N'Oscar Negrete', CAST(N'2019-10-01T19:46:50.827' AS DateTime))
INSERT [dbo].[IBPML3] ([ID], [IBPML2_ID], [Level], [IBPML3], [Active], [UpdatedBy], [LastUpdate]) VALUES (86, 9, N'2.8.10 ', N'Repair / Rework', 1, N'Oscar Negrete', CAST(N'2019-10-01T19:46:50.830' AS DateTime))
INSERT [dbo].[IBPML3] ([ID], [IBPML2_ID], [Level], [IBPML3], [Active], [UpdatedBy], [LastUpdate]) VALUES (87, 9, N'2.8.11 ', N'Dispensing', 1, N'Oscar Negrete', CAST(N'2019-10-01T19:46:50.837' AS DateTime))
INSERT [dbo].[IBPML3] ([ID], [IBPML2_ID], [Level], [IBPML3], [Active], [UpdatedBy], [LastUpdate]) VALUES (88, 9, N'2.8.12 ', N'Wash', 1, N'Oscar Negrete', CAST(N'2019-10-01T19:46:50.843' AS DateTime))
INSERT [dbo].[IBPML3] ([ID], [IBPML2_ID], [Level], [IBPML3], [Active], [UpdatedBy], [LastUpdate]) VALUES (89, 9, N'2.8.13 ', N'Curing', 1, N'Oscar Negrete', CAST(N'2019-10-01T19:46:50.850' AS DateTime))
INSERT [dbo].[IBPML3] ([ID], [IBPML2_ID], [Level], [IBPML3], [Active], [UpdatedBy], [LastUpdate]) VALUES (90, 9, N'2.8.14 ', N'In Circuit Test / FP', 1, N'Oscar Negrete', CAST(N'2019-10-01T19:46:50.860' AS DateTime))
INSERT [dbo].[IBPML3] ([ID], [IBPML2_ID], [Level], [IBPML3], [Active], [UpdatedBy], [LastUpdate]) VALUES (91, 9, N'2.8.15 ', N'Functional Test', 1, N'Oscar Negrete', CAST(N'2019-10-01T19:46:50.867' AS DateTime))
INSERT [dbo].[IBPML3] ([ID], [IBPML2_ID], [Level], [IBPML3], [Active], [UpdatedBy], [LastUpdate]) VALUES (92, 9, N'2.8.16 ', N'Conformal Coating', 1, N'Oscar Negrete', CAST(N'2019-10-01T19:46:50.873' AS DateTime))
INSERT [dbo].[IBPML3] ([ID], [IBPML2_ID], [Level], [IBPML3], [Active], [UpdatedBy], [LastUpdate]) VALUES (93, 10, N'2.9.1', N'Site Admin / Customer Configuration', 1, N'Oscar Negrete', CAST(N'2019-10-01T19:46:50.880' AS DateTime))
INSERT [dbo].[IBPML3] ([ID], [IBPML2_ID], [Level], [IBPML3], [Active], [UpdatedBy], [LastUpdate]) VALUES (94, 10, N'2.9.2', N'Product Confirmation', 1, N'Oscar Negrete', CAST(N'2019-10-01T19:46:50.887' AS DateTime))
INSERT [dbo].[IBPML3] ([ID], [IBPML2_ID], [Level], [IBPML3], [Active], [UpdatedBy], [LastUpdate]) VALUES (95, 10, N'2.9.3', N'Order Management', 1, N'Oscar Negrete', CAST(N'2019-10-01T19:46:50.893' AS DateTime))
INSERT [dbo].[IBPML3] ([ID], [IBPML2_ID], [Level], [IBPML3], [Active], [UpdatedBy], [LastUpdate]) VALUES (96, 10, N'2.9.4', N'Manufacturing Process', 1, N'Oscar Negrete', CAST(N'2019-10-01T19:46:50.900' AS DateTime))
INSERT [dbo].[IBPML3] ([ID], [IBPML2_ID], [Level], [IBPML3], [Active], [UpdatedBy], [LastUpdate]) VALUES (103, 11, N'2.10.1 ', N'Pull List Creation', 1, N'Oscar Negrete', CAST(N'2019-10-01T19:46:50.950' AS DateTime))
INSERT [dbo].[IBPML3] ([ID], [IBPML2_ID], [Level], [IBPML3], [Active], [UpdatedBy], [LastUpdate]) VALUES (104, 11, N'2.10.2 ', N'Return to Stock', 1, N'Oscar Negrete', CAST(N'2019-10-01T19:46:50.953' AS DateTime))
INSERT [dbo].[IBPML3] ([ID], [IBPML2_ID], [Level], [IBPML3], [Active], [UpdatedBy], [LastUpdate]) VALUES (105, 11, N'2.10.3 ', N'Backflush', 1, N'Oscar Negrete', CAST(N'2019-10-01T19:46:50.960' AS DateTime))
INSERT [dbo].[IBPML3] ([ID], [IBPML2_ID], [Level], [IBPML3], [Active], [UpdatedBy], [LastUpdate]) VALUES (108, 12, N'2.11.1 ', N'Finished Good Shipping', 1, N'Oscar Negrete', CAST(N'2019-10-01T19:46:50.980' AS DateTime))
INSERT [dbo].[IBPML3] ([ID], [IBPML2_ID], [Level], [IBPML3], [Active], [UpdatedBy], [LastUpdate]) VALUES (109, 12, N'2.11.2 ', N'Component Shipments (Include E&O)', 1, N'Oscar Negrete', CAST(N'2019-10-01T19:46:50.987' AS DateTime))
INSERT [dbo].[IBPML3] ([ID], [IBPML2_ID], [Level], [IBPML3], [Active], [UpdatedBy], [LastUpdate]) VALUES (110, 12, N'2.11.3 ', N'Ship to Hub (STOSA)', 1, N'Oscar Negrete', CAST(N'2019-10-01T19:46:51.000' AS DateTime))
INSERT [dbo].[IBPML3] ([ID], [IBPML2_ID], [Level], [IBPML3], [Active], [UpdatedBy], [LastUpdate]) VALUES (111, 12, N'2.11.4 ', N'Plant to Plant (STOSA)', 1, N'Oscar Negrete', CAST(N'2019-10-01T19:46:51.010' AS DateTime))
INSERT [dbo].[IBPML3] ([ID], [IBPML2_ID], [Level], [IBPML3], [Active], [UpdatedBy], [LastUpdate]) VALUES (112, 12, N'2.11.5 ', N'Outside Processing', 1, N'Oscar Negrete', CAST(N'2019-10-01T19:46:51.027' AS DateTime))
INSERT [dbo].[IBPML3] ([ID], [IBPML2_ID], [Level], [IBPML3], [Active], [UpdatedBy], [LastUpdate]) VALUES (113, 13, N'2.12.1 ', N'Master Data Management', 1, N'Oscar Negrete', CAST(N'2019-10-01T19:46:51.033' AS DateTime))
INSERT [dbo].[IBPML3] ([ID], [IBPML2_ID], [Level], [IBPML3], [Active], [UpdatedBy], [LastUpdate]) VALUES (114, 13, N'2.12.2 ', N'Sales Order Creation', 1, N'Oscar Negrete', CAST(N'2019-10-01T19:46:51.040' AS DateTime))
INSERT [dbo].[IBPML3] ([ID], [IBPML2_ID], [Level], [IBPML3], [Active], [UpdatedBy], [LastUpdate]) VALUES (115, 13, N'2.12.3 ', N'Sales Order Management', 1, N'Oscar Negrete', CAST(N'2019-10-01T19:46:51.067' AS DateTime))
INSERT [dbo].[IBPML3] ([ID], [IBPML2_ID], [Level], [IBPML3], [Active], [UpdatedBy], [LastUpdate]) VALUES (116, 13, N'2.12.4 ', N'Delivery Management', 1, N'Oscar Negrete', CAST(N'2019-10-01T19:46:51.073' AS DateTime))
INSERT [dbo].[IBPML3] ([ID], [IBPML2_ID], [Level], [IBPML3], [Active], [UpdatedBy], [LastUpdate]) VALUES (117, 13, N'2.12.5 ', N'Invoice Management', 1, N'Oscar Negrete', CAST(N'2019-10-01T19:46:51.080' AS DateTime))
INSERT [dbo].[IBPML3] ([ID], [IBPML2_ID], [Level], [IBPML3], [Active], [UpdatedBy], [LastUpdate]) VALUES (118, 13, N'2.12.6 ', N'Sales Data Transfer', 1, N'Oscar Negrete', CAST(N'2019-10-01T19:46:51.087' AS DateTime))
INSERT [dbo].[IBPML3] ([ID], [IBPML2_ID], [Level], [IBPML3], [Active], [UpdatedBy], [LastUpdate]) VALUES (119, 14, N'2.13.1 ', N'TMS Outbound Workflow', 1, N'Oscar Negrete', CAST(N'2019-10-01T19:46:51.093' AS DateTime))
INSERT [dbo].[IBPML3] ([ID], [IBPML2_ID], [Level], [IBPML3], [Active], [UpdatedBy], [LastUpdate]) VALUES (131, 15, N'2.14.1 ', N'Assess Input', 1, N'Oscar Negrete', CAST(N'2019-10-01T19:46:51.203' AS DateTime))
INSERT [dbo].[IBPML3] ([ID], [IBPML2_ID], [Level], [IBPML3], [Active], [UpdatedBy], [LastUpdate]) VALUES (132, 15, N'2.14.2 ', N'Apply QMS Standard Method Template', 1, N'Oscar Negrete', CAST(N'2019-10-01T19:46:51.210' AS DateTime))
INSERT [dbo].[IBPML3] ([ID], [IBPML2_ID], [Level], [IBPML3], [Active], [UpdatedBy], [LastUpdate]) VALUES (133, 15, N'2.14.3 ', N'Take Correct Action (CAPA)', 1, N'Oscar Negrete', CAST(N'2019-10-01T19:46:51.217' AS DateTime))
INSERT [dbo].[IBPML3] ([ID], [IBPML2_ID], [Level], [IBPML3], [Active], [UpdatedBy], [LastUpdate]) VALUES (134, 15, N'2.14.4 ', N'Govern / Assess', 1, N'Oscar Negrete', CAST(N'2019-10-01T19:46:51.223' AS DateTime))
INSERT [dbo].[IBPML3] ([ID], [IBPML2_ID], [Level], [IBPML3], [Active], [UpdatedBy], [LastUpdate]) VALUES (136, 16, N'2.15.1 ', N'Equipment Qualification', 1, N'Oscar Negrete', CAST(N'2019-10-01T19:46:51.233' AS DateTime))
INSERT [dbo].[IBPML3] ([ID], [IBPML2_ID], [Level], [IBPML3], [Active], [UpdatedBy], [LastUpdate]) VALUES (137, 16, N'2.15.2 ', N'Equipment Baseline Configuration', 1, N'Oscar Negrete', CAST(N'2019-10-01T19:46:51.240' AS DateTime))
INSERT [dbo].[IBPML3] ([ID], [IBPML2_ID], [Level], [IBPML3], [Active], [UpdatedBy], [LastUpdate]) VALUES (138, 16, N'2.15.3 ', N'Equipment AVL', 1, N'Oscar Negrete', CAST(N'2019-10-01T19:46:51.250' AS DateTime))
INSERT [dbo].[IBPML3] ([ID], [IBPML2_ID], [Level], [IBPML3], [Active], [UpdatedBy], [LastUpdate]) VALUES (139, 16, N'2.15.4 ', N'Equipment Procurement', 1, N'Oscar Negrete', CAST(N'2019-10-01T19:46:51.253' AS DateTime))
INSERT [dbo].[IBPML3] ([ID], [IBPML2_ID], [Level], [IBPML3], [Active], [UpdatedBy], [LastUpdate]) VALUES (140, 16, N'2.15.5 ', N'Equipment Setup Buy-Off', 1, N'Oscar Negrete', CAST(N'2019-10-01T19:46:51.260' AS DateTime))
INSERT [dbo].[IBPML3] ([ID], [IBPML2_ID], [Level], [IBPML3], [Active], [UpdatedBy], [LastUpdate]) VALUES (141, 16, N'2.15.6 ', N'Preventative Maintenance / Calibration', 1, N'Oscar Negrete', CAST(N'2019-10-01T19:46:51.267' AS DateTime))
INSERT [dbo].[IBPML3] ([ID], [IBPML2_ID], [Level], [IBPML3], [Active], [UpdatedBy], [LastUpdate]) VALUES (142, 16, N'2.15.7 ', N'Spare Parts Management', 1, N'Oscar Negrete', CAST(N'2019-10-01T19:46:51.273' AS DateTime))
INSERT [dbo].[IBPML3] ([ID], [IBPML2_ID], [Level], [IBPML3], [Active], [UpdatedBy], [LastUpdate]) VALUES (143, 16, N'2.15.8 ', N'Asset Management Surplus', 1, N'Oscar Negrete', CAST(N'2019-10-01T19:46:51.280' AS DateTime))
INSERT [dbo].[IBPML3] ([ID], [IBPML2_ID], [Level], [IBPML3], [Active], [UpdatedBy], [LastUpdate]) VALUES (144, 9, N'2.8.17', N'Press Fit', 1, N'Oscar Negrete', CAST(N'2020-01-23T18:14:05.067' AS DateTime))
INSERT [dbo].[IBPML3] ([ID], [IBPML2_ID], [Level], [IBPML3], [Active], [UpdatedBy], [LastUpdate]) VALUES (145, 9, N'2.8.18', N'Mechanical Assembly', 1, N'Oscar Negrete', CAST(N'2020-01-23T18:14:18.707' AS DateTime))
INSERT [dbo].[IBPML3] ([ID], [IBPML2_ID], [Level], [IBPML3], [Active], [UpdatedBy], [LastUpdate]) VALUES (146, 16, N'2.15.9', N'Asset EOL Management', 1, N'Oscar Negrete', CAST(N'2020-01-23T18:26:25.233' AS DateTime))
INSERT [dbo].[IBPML3] ([ID], [IBPML2_ID], [Level], [IBPML3], [Active], [UpdatedBy], [LastUpdate]) VALUES (147, 17, N' N', N'A', 1, N'Oscar Negrete', CAST(N'2020-01-24T13:46:05.423' AS DateTime))
INSERT [dbo].[IBPML3] ([ID], [IBPML2_ID], [Level], [IBPML3], [Active], [UpdatedBy], [LastUpdate]) VALUES (148, 18, N'S.1.0', N'Not Available', 1, N'Alicia Barrios', CAST(N'2020-04-06T15:13:54.193' AS DateTime))
INSERT [dbo].[IBPML3] ([ID], [IBPML2_ID], [Level], [IBPML3], [Active], [UpdatedBy], [LastUpdate]) VALUES (162, 19, N'S.2.0', N'Not Available', 1, N'Alicia Barrios', CAST(N'2020-04-06T15:21:45.433' AS DateTime))
INSERT [dbo].[IBPML3] ([ID], [IBPML2_ID], [Level], [IBPML3], [Active], [UpdatedBy], [LastUpdate]) VALUES (163, 20, N'S.3.0', N'Not Available', 1, N'Alicia Barrios', CAST(N'2020-04-06T15:21:56.093' AS DateTime))
INSERT [dbo].[IBPML3] ([ID], [IBPML2_ID], [Level], [IBPML3], [Active], [UpdatedBy], [LastUpdate]) VALUES (164, 21, N'S.4.0', N'Not Available', 1, N'Alicia Barrios', CAST(N'2020-04-06T15:21:56.100' AS DateTime))
INSERT [dbo].[IBPML3] ([ID], [IBPML2_ID], [Level], [IBPML3], [Active], [UpdatedBy], [LastUpdate]) VALUES (166, 22, N'S.5.0.0', N'Not Available', 1, N'Alicia Barrios', CAST(N'2020-04-06T15:21:56.113' AS DateTime))
INSERT [dbo].[IBPML3] ([ID], [IBPML2_ID], [Level], [IBPML3], [Active], [UpdatedBy], [LastUpdate]) VALUES (167, 23, N'S.6.0', N'Not Available', 1, N'Alicia Barrios', CAST(N'2020-04-06T15:21:56.120' AS DateTime))
INSERT [dbo].[IBPML3] ([ID], [IBPML2_ID], [Level], [IBPML3], [Active], [UpdatedBy], [LastUpdate]) VALUES (168, 24, N'S.7.0', N'Not Available', 1, N'Alicia Barrios', CAST(N'2020-04-06T15:21:56.130' AS DateTime))
INSERT [dbo].[IBPML3] ([ID], [IBPML2_ID], [Level], [IBPML3], [Active], [UpdatedBy], [LastUpdate]) VALUES (169, 25, N'S.8.0', N'Not Available', 1, N'Alicia Barrios', CAST(N'2020-04-06T15:21:56.137' AS DateTime))
INSERT [dbo].[IBPML3] ([ID], [IBPML2_ID], [Level], [IBPML3], [Active], [UpdatedBy], [LastUpdate]) VALUES (170, 26, N'S.9.0', N'Not Available', 1, N'Alicia Barrios', CAST(N'2020-04-06T15:21:56.140' AS DateTime))
INSERT [dbo].[IBPML3] ([ID], [IBPML2_ID], [Level], [IBPML3], [Active], [UpdatedBy], [LastUpdate]) VALUES (171, 27, N'S.10.0', N'Not Available', 1, N'Alicia Barrios', CAST(N'2020-04-06T15:21:56.147' AS DateTime))
INSERT [dbo].[IBPML3] ([ID], [IBPML2_ID], [Level], [IBPML3], [Active], [UpdatedBy], [LastUpdate]) VALUES (172, 28, N'S.11.0', N'Not Available', 1, N'Alicia Barrios', CAST(N'2020-04-06T15:21:56.177' AS DateTime))
INSERT [dbo].[IBPML3] ([ID], [IBPML2_ID], [Level], [IBPML3], [Active], [UpdatedBy], [LastUpdate]) VALUES (173, 29, N'S.12.0', N'Not Available', 1, N'Alicia Barrios', CAST(N'2020-04-06T15:21:56.183' AS DateTime))
INSERT [dbo].[IBPML3] ([ID], [IBPML2_ID], [Level], [IBPML3], [Active], [UpdatedBy], [LastUpdate]) VALUES (174, 30, N'S.13.0', N'Not Available', 1, N'Alicia Barrios', CAST(N'2020-04-06T15:21:56.193' AS DateTime))
INSERT [dbo].[IBPML3] ([ID], [IBPML2_ID], [Level], [IBPML3], [Active], [UpdatedBy], [LastUpdate]) VALUES (175, 31, N'S.14.0', N'Not Available', 1, N'Alicia Barrios', CAST(N'2020-04-06T15:22:19.483' AS DateTime))
INSERT [dbo].[IBPML3] ([ID], [IBPML2_ID], [Level], [IBPML3], [Active], [UpdatedBy], [LastUpdate]) VALUES (176, 32, N'S.5.1.0', N'Not Available', 1, N'Alicia Barrios', CAST(N'2020-04-28T19:39:33.897' AS DateTime))
INSERT [dbo].[IBPML3] ([ID], [IBPML2_ID], [Level], [IBPML3], [Active], [UpdatedBy], [LastUpdate]) VALUES (177, 33, N'S.5.2.0', N'Not Available', 1, N'Alicia Barrios', CAST(N'2020-04-28T19:39:33.903' AS DateTime))
INSERT [dbo].[IBPML3] ([ID], [IBPML2_ID], [Level], [IBPML3], [Active], [UpdatedBy], [LastUpdate]) VALUES (178, 34, N'S.5.3.0', N'Not Available', 1, N'Alicia Barrios', CAST(N'2020-04-28T19:39:33.917' AS DateTime))

SET IDENTITY_INSERT [dbo].[IBPML3] OFF
GO